instrument,year,observed_minutes,coverage_start_utc,coverage_end_utc,gap_events,missing_minutes,maintenance_events,maintenance_missing_minutes,unclassified_missing_minutes
BTCUSDT,2017,196543,2017-08-17T04:00:00+00:00,2017-12-31T23:59:00+00:00,3,497,3,497,0
BTCUSDT,2018,521624,2018-01-01T00:00:00+00:00,2018-12-31T23:59:00+00:00,9,3976,9,3976,0
BTCUSDT,2019,523836,2019-01-01T00:00:00+00:00,2019-12-31T23:59:00+00:00,7,1764,7,1764,0
BTCUSDT,2020,525788,2020-01-01T00:00:00+00:00,2020-12-31T23:59:00+00:00,8,1252,8,1252,0
BTCUSDT,2021,524607,2021-01-01T00:00:00+00:00,2021-12-31T23:59:00+00:00,6,993,6,993,0
BTCUSDT,2022,525600,2022-01-01T00:00:00+00:00,2022-12-31T23:59:00+00:00,0,0,0,0,0
BTCUSDT,2023,525520,2023-01-01T00:00:00+00:00,2023-12-31T23:59:00+00:00,1,80,1,80,0
BTCUSDT,2024,527040,2024-01-01T00:00:00+00:00,2024-12-31T23:59:00+00:00,0,0,0,0,0
BTCUSDT,2025,480960,2025-01-01T00:00:00+00:00,2025-11-30T23:59:00+00:00,0,0,0,0,0
